{
  "Extrusion2749": {
    "Name": "John",
    "Age": 25,
    "StartOffset": 1.3,
    "SketchPlane": {
      "SketchBasis": [ -0.82020997375328086, -0.82020997375328086, 0.0 ],
      "SketchNormal": [ 0.0, 0.0, 1.0 ]
    },
    "CurveArrArray": {
      "Array1StartPointOfLine1": [ 0.82020997375328086, -0.82020997375328086, 0.0 ],
      "Array1EndPointOfLine1": [ 0.82020997375328086, 0.82020997375328086, 0.0 ],
      "Array1StartPointOfLine2": [ 0.82020997375328086, 0.82020997375328086, 0.0 ],
      "Array1EndPointOfLine2": [ -0.82020997375328086, 0.82020997375328086, 0.0 ],
      "Array1StartPointOfLine3": [ -0.82020997375328086, 0.82020997375328086, 0.0 ],
      "Array1EndPointOfLine3": [ -0.82020997375328086, -0.82020997375328086, 0.0 ],
      "Array1StartPointOfLine4": [ -0.82020997375328086, -0.82020997375328086, 0.0 ],
      "Array1EndPointOfLine4": [ 0.82020997375328086, -0.82020997375328086, 0.0 ]
    }
  },
  "Extrusion2750": {
    "Name": "John2",
    "Age": 252,
    "StartOffset": 1.3,
    "SketchPlane": {
      "SketchBasis": [ -0.82020997375328086, -0.82020997375328086, 0.0 ],
      "SketchNormal": [ 0.0, 0.0, 1.0 ]
    },
    "CurveArrArray": {
      "Array1StartPointOfLine1": [ 0.82020997375328086, -0.82020997375328086, 0.0 ],
      "Array1EndPointOfLine1": [ 0.82020997375328086, 0.82020997375328086, 0.0 ],
      "Array1StartPointOfLine2": [ 0.82020997375328086, 0.82020997375328086, 0.0 ],
      "Array1EndPointOfLine2": [ -0.82020997375328086, 0.82020997375328086, 0.0 ],
      "Array1StartPointOfLine3": [ -0.82020997375328086, 0.82020997375328086, 0.0 ],
      "Array1EndPointOfLine3": [ -0.82020997375328086, -0.82020997375328086, 0.0 ],
      "Array1StartPointOfLine4": [ -0.82020997375328086, -0.82020997375328086, 0.0 ],
      "Array1EndPointOfLine4": [ 0.82020997375328086, -0.82020997375328086, 0.0 ]
    }
  }
}