{
"Extrusions":
{
"Extrusion2759":
{
"IsSolid":true,
"StartOffset":0.0,
"EndOffset":0.82020997375328086,
"SketchPlane":
{
"SketchOrigin":[-4.578402622486955,0.85416215118704031,0.0],
"SketchNormal":[0.0,0.0,1.0]
},
"CurveArrArray":
{
"Array1Line1":[-2.9379826749803932,1.6743721249403212,0.0,-2.9379826749803932,2.494582098693602,0.0],
"Array1Line2":[-2.9379826749803932,2.494582098693602,0.0,-3.7581926487336741,2.494582098693602,0.0],
"Array1Line3":[-3.7581926487336741,2.494582098693602,0.0,-3.7581926487336741,1.6743721249403212,0.0],
"Array1Line4":[-3.7581926487336741,1.6743721249403212,0.0,-2.9379826749803932,1.6743721249403212,0.0]
}
}
},
"Revolutions":
{
"Revolution2801":
{
"IsSolid":true,
"StartingAngle":0.0,
"EndingAngle":0.78539816339744828,
"PathLineDict":
{
"PathLine":[-5.9682163164579727,-11.368352781338944,0.0,-5.9682163164579727,8.6316472186610564,0.0]
},
"SketchPlane":
{
"SketchOrigin":[4.0317836835420273,-1.3683527813389431,0.0],
"SketchNormal":[0.0,0.0,1.0]
},
"CurveArrArray":
{
"Array1Line1":[5.0317836835420273,-1.3683527813389431,0.0,5.0317836835420273,-0.36835278133894311,0.0],
"Array1Line2":[5.0317836835420273,-0.36835278133894311,0.0,4.0317836835420264,-1.3683527813389438,0.0],
"Array1Line3":[4.0317836835420273,-1.3683527813389431,0.0,5.0317836835420273,-1.3683527813389431,0.0]
}
}
},
"Blends":
{
"Blend2750":
{
"IsSolid":true,
"TopOffset":1.4763779527559056,
"BottomOffset":-1.4763779527559056,
"BaseSketchPlane":
{
"SketchOrigin":[1.6404199475065617,6.5616797900262469,1.0],
"SketchNormal":[0.0,0.0,1.0]
},
"TopCurveArrArray":
{
"Arc1":[0.49212598425196852,3.2808398950131212,0.0,1.1482939632545932,3.2808398950131257,0.0,0.51191186982089687,3.1686285619010253,0.0],
"Arc2":[1.1482939632545932,3.2808398950131235,0.0,0.49212598425196852,3.2808398950131235,0.0,1.1285080776856655,3.3930512281252194,0.0]
},
"BaseCurveArrArray":
{
"Line1":[1.6404199475065617,2.4606299212598426,0.0,1.6404199475065617,4.1010498687664043,0.0],
"Line2":[1.6404199475065617,4.1010498687664043,0.0,0.0,4.1010498687664043,0.0],
"Line3":[0.0,4.1010498687664043,0.0,0.0,2.4606299212598426,0.0],
"Line4":[0.0,2.4606299212598426,0.0,1.6404199475065617,2.4606299212598426,0.0]
}
}
}
}