{
"Extrusions":
{
"Extrusion2761":
{
"IsSolid":true,
"StartOffset":0.0,
"EndOffset":1.6404199475065617,
"SketchPlane":
{
"SketchOrigin":[-0.82020997375328086,-0.82020997375328086,0.0],
"SketchNormal":[0.0,0.0,1.0]
},
"CurveArrArray":
{
"Array1Line1":[0.82020997375328086,0.82020997375328086,0.0,-0.82020997375328086,0.82020997375328086,0.0],
"Array1Line2":[-0.82020997375328086,0.82020997375328086,0.0,-0.82020997375328086,-0.82020997375328086,0.0],
"Array1Line3":[-0.82020997375328086,-0.82020997375328086,0.0,0.82020997375328086,-0.82020997375328086,0.0],
"Array1Line4":[0.82020997375328086,-0.82020997375328086,0.0,0.82020997375328086,0.82020997375328086,0.0]
}
},
"Extrusion2768":
{
"IsSolid":true,
"StartOffset":0.0,
"EndOffset":2.4606299212598426,
"SketchPlane":
{
"SketchOrigin":[0.5741469816272966,0.5741469816272966,0.0],
"SketchNormal":[0.0,0.0,1.0]
},
"CurveArrArray":
{
"Array1Line1":[3.85498687664042,3.85498687664042,0.0,1.3943569553805775,3.85498687664042,0.0],
"Array1Line2":[1.3943569553805775,3.85498687664042,0.0,1.3943569553805775,1.3943569553805775,0.0],
"Array1Line3":[1.3943569553805775,1.3943569553805775,0.0,3.85498687664042,1.3943569553805775,0.0],
"Array1Line4":[3.85498687664042,1.3943569553805775,0.0,3.85498687664042,3.85498687664042,0.0]
}
},
"Extrusion2775":
{
"IsSolid":true,
"StartOffset":0.0,
"EndOffset":0.82020997375328086,
"SketchPlane":
{
"SketchOrigin":[-3.5269028871391077,-1.886482939632546,0.0],
"SketchNormal":[0.0,0.0,1.0]
},
"CurveArrArray":
{
"Array1Line1":[-1.886482939632546,-0.24606299212598426,0.0,-2.7066929133858268,-0.24606299212598426,0.0],
"Array1Line2":[-2.7066929133858268,-0.24606299212598426,0.0,-2.7066929133858268,-1.0662729658792651,0.0],
"Array1Line3":[-2.7066929133858268,-1.0662729658792651,0.0,-1.886482939632546,-1.0662729658792651,0.0],
"Array1Line4":[-1.886482939632546,-1.0662729658792651,0.0,-1.886482939632546,-0.24606299212598426,0.0]
}
}
},
"Revolutions":
{
"Revolution2754":
{
"IsSolid":true,
"StartingAngle":-0.68446419237004363,
"EndingAngle":1.5186206044039356,
"PathLineDict":
{
"PathLine":[-8.5417937295165132,-2.0156028666917654,0.0,-1.9120961023570668,6.4700231351612612,0.0]
},
"SketchPlane":
{
"SketchOrigin":[-2.9120961023570668,2.4916274525873208,0.0],
"SketchNormal":[0.0,0.0,1.0]
},
"CurveArrArray":
{
"Array1Line1":[-1.9120961023570668,3.4916274525873208,0.0,-2.9120961023570664,2.4916274525873212,0.0],
"Array1Line2":[-2.9120961023570664,2.4916274525873208,0.0,-1.9120961023570668,2.4916274525873208,0.0],
"Array1Line3":[-1.9120961023570668,2.4916274525873208,0.0,-1.9120961023570668,3.4916274525873208,0.0]
}
}
}
}