{
"Extrusions":
{
"Extrusion2749":
{
"IsSolid":true,
"StartOffset":0.0,
"EndOffset":1.6404199475065617,
"SketchPlane":
{
"SketchOrigin":[-0.82020997375328086,-0.82020997375328086,0.0],
"SketchNormal":[0.0,0.0,1.0]
},
"CurveArrArray":
{
"Array1Line1":[0.82020997375328086,-0.82020997375328086,0.0,0.82020997375328086,0.82020997375328086,0.0],
"Array1Line2":[0.82020997375328086,0.82020997375328086,0.0,-0.82020997375328086,0.82020997375328086,0.0],
"Array1Line3":[-0.82020997375328086,0.82020997375328086,0.0,-0.82020997375328086,-0.82020997375328086,0.0],
"Array1Line4":[-0.82020997375328086,-0.82020997375328086,0.0,0.82020997375328086,-0.82020997375328086,0.0]
}
},
"Extrusion2756":
{
"IsSolid":true,
"StartOffset":0.0,
"EndOffset":2.4606299212598426,
"SketchPlane":
{
"SketchOrigin":[0.5741469816272966,0.5741469816272966,0.0],
"SketchNormal":[0.0,0.0,1.0]
},
"CurveArrArray":
{
"Array1Line1":[3.85498687664042,1.3943569553805775,0.0,3.85498687664042,3.85498687664042,0.0],
"Array1Line2":[3.85498687664042,3.85498687664042,0.0,1.3943569553805775,3.85498687664042,0.0],
"Array1Line3":[1.3943569553805775,3.85498687664042,0.0,1.3943569553805775,1.3943569553805775,0.0],
"Array1Line4":[1.3943569553805775,1.3943569553805775,0.0,3.85498687664042,1.3943569553805775,0.0]
}
},
"Extrusion2763":
{
"IsSolid":true,
"StartOffset":0.0,
"EndOffset":0.82020997375328086,
"SketchPlane":
{
"SketchOrigin":[-3.5269028871391077,-1.886482939632546,0.0],
"SketchNormal":[0.0,0.0,1.0]
},
"CurveArrArray":
{
"Array1Line1":[-1.886482939632546,-0.24606299212598426,0.0,-2.7066929133858268,-0.24606299212598426,0.0],
"Array1Arc2":[-2.7066929133858268,-0.24606299212598426,0.0,-3.1769920597707353,-1.4712341555081376,0.0,-2.7281474794710578,-0.51313054751747778,0.0],
"Array1Arc3":[-3.1769920597707388,-1.4712341555081341,0.0,-1.8864829396325429,-0.56632352193915958,0.0,-3.0726498847589294,-1.6090249457809334,0.0],
"Array1Line4":[-1.886482939632546,-0.56632352193915958,0.0,-1.886482939632546,-0.24606299212598426,0.0],
"Array2Arc1":[-4.740197715227044,1.2880132617317332,0.0,-3.82156254462337,1.2880132617317288,0.0,-4.7215921256798978,1.1586085440224152,0.0],
"Array2Arc2":[-3.82156254462337,1.2880132617317317,0.0,-4.740197715227044,1.2880132617317332,0.0,-3.8401681341705167,1.4174179794410495,0.0]
}
}
},
"Revolutions":
{
"Revolution3046":
{
"IsSolid":true,
"StartingAngle":0.0,
"EndingAngle":0.78539816339744828,
"PathLineDict":
{
"PathLine":[5.5645233830032739,-16.292144109930419,0.0,-9.9332909353512662,-3.6502395321460632,0.0]
},
"SketchPlane":
{
"SketchOrigin":[4.136568512718183,-2.2222846618609697,0.0],
"SketchNormal":[0.0,0.0,1.0000000000000002]
},
"CurveArrArray":
{
"Array1Line1":[3.9937730256896726,-0.81529871705402368,0.0,4.1365685127181822,-2.2222846618609671,0.0],
"Array1Arc2":[4.1365685127181822,-2.2222846618609653,0.0,4.7686637416074014,-1.4473939459432379,0.0,4.2585266331096587,-2.2956313050242994,0.0],
"Array1Line3":[4.768663741607396,-1.4473939459432388,0.0,3.9937730256896726,-0.81529871705402368,0.0],
"Array2Line1":[3.0746968009613385,-1.49347276731464,0.0,2.8427063871862268,-1.2614823535395239,0.0],
"Array2Line2":[2.8427063871862268,-1.2614823535395239,0.0,2.5258015885349563,-1.3463967384156752,0.0],
"Array2Line3":[2.5258015885349563,-1.3463967384156752,0.0,2.4408872036587974,-1.6633015370669431,0.0],
"Array2Line4":[2.4408872036587974,-1.6633015370669431,0.0,2.6728776174339082,-1.89529195084206,0.0],
"Array2Line5":[2.6728776174339082,-1.89529195084206,0.0,2.9897824160851791,-1.8103775659659096,0.0],
"Array2Line6":[2.9897824160851791,-1.8103775659659096,0.0,3.0746968009613385,-1.49347276731464,0.0]
}
},
"Revolution3317":
{
"IsSolid":true,
"StartingAngle":0.0,
"EndingAngle":0.78539816339744828,
"PathLineDict":
{
"PathLine":[-5.6925209424295593,-0.0061232677339349006,0.0,12.463742261426447,8.38137376489174,0.0]
},
"SketchPlane":
{
"SketchOrigin":[7.5793591758112875,-4.890506353349104,0.0],
"SketchNormal":[0.0,0.0,1.0000000000000002]
},
"CurveArrArray":
{
"Array1Line1":[8.6999048875272713,-4.25559248689434,0.0,9.0101143939574939,-4.1487787879254592,0.0],
"Array1Line2":[9.0101143939574939,-4.1487787879254592,0.0,9.072715770393371,-3.826722625377013,0.0],
"Array1Line3":[9.072715770393371,-3.8267226253770126,0.0,8.8251076403990254,-3.6114801617974477,0.0],
"Array1Line4":[8.8251076403990254,-3.6114801617974477,0.0,8.5148981339688028,-3.7182938607663276,0.0],
"Array1Line5":[8.5148981339688028,-3.7182938607663276,0.0,8.452296757532924,-4.0403500233147742,0.0],
"Array1Line6":[8.452296757532924,-4.0403500233147742,0.0,8.6999048875272713,-4.25559248689434,0.0]
}
}
}
}