{
"Extrusions":
{
"Extrusion2749":
{
"IsSolid":true,
"StartOffset":0.0,
"EndOffset":1.6404199475065617,
"SketchPlane":
{
"SketchOrigin":[-0.82020997375328086,-0.82020997375328086,0.0],
"SketchNormal":[0.0,0.0,1.0]
},
"CurveArrArray":
{
"Array1Line1":[0.82020997375328086,-0.82020997375328086,0.0,0.82020997375328086,0.82020997375328086,0.0],
"Array1Line2":[0.82020997375328086,0.82020997375328086,0.0,-0.82020997375328086,0.82020997375328086,0.0],
"Array1Line3":[-0.82020997375328086,0.82020997375328086,0.0,-0.82020997375328086,-0.82020997375328086,0.0],
"Array1Line4":[-0.82020997375328086,-0.82020997375328086,0.0,0.82020997375328086,-0.82020997375328086,0.0],
"Array2Line1":[-1.6779048274150445,3.5449541684539772,0.0,-2.4011793577644163,2.821679638104623,0.0],
"Array2Line2":[-2.4011793577644167,2.821679638104623,0.0,-1.4131679753969277,2.556942786086482,0.0],
"Array2Line3":[-1.4131679753969277,2.556942786086482,0.0,-1.6779048274150448,3.5449541684539772,0.0]
}
},
"Extrusion2756":
{
"IsSolid":true,
"StartOffset":0.0,
"EndOffset":2.4606299212598426,
"SketchPlane":
{
"SketchOrigin":[0.5741469816272966,0.5741469816272966,0.0],
"SketchNormal":[0.0,0.0,1.0]
},
"CurveArrArray":
{
"Array1Line1":[3.85498687664042,1.3943569553805775,0.0,3.85498687664042,3.85498687664042,0.0],
"Array1Line2":[3.85498687664042,3.85498687664042,0.0,1.3943569553805775,3.85498687664042,0.0],
"Array1Line3":[1.3943569553805775,3.85498687664042,0.0,1.3943569553805775,1.3943569553805775,0.0],
"Array1Line4":[1.3943569553805775,1.3943569553805775,0.0,3.85498687664042,1.3943569553805775,0.0]
}
},
"Extrusion2763":
{
"IsSolid":true,
"StartOffset":0.0,
"EndOffset":0.82020997375328086,
"SketchPlane":
{
"SketchOrigin":[-3.5269028871391077,-1.886482939632546,0.0],
"SketchNormal":[0.0,0.0,1.0]
},
"CurveArrArray":
{
"Array1Line1":[-1.886482939632546,-1.0662729658792651,0.0,-1.886482939632546,-0.24606299212598426,0.0],
"Array1Line2":[-1.886482939632546,-0.24606299212598426,0.0,-2.7066929133858268,-0.24606299212598426,0.0],
"Array1Line3":[-2.7066929133858268,-0.24606299212598426,0.0,-2.7066929133858268,-1.0662729658792651,0.0],
"Array1Line4":[-2.7066929133858268,-1.0662729658792651,0.0,-1.886482939632546,-1.0662729658792651,0.0],
"Array2Line1":[-3.1997601436446796,-2.2860825181312983,0.0,-4.3362764215770131,-2.2860825181312858,0.0],
"Array2Line2":[-4.3362764215770131,-2.2860825181312858,0.0,-3.768018282610857,-3.2703344866352326,0.0],
"Array2Line3":[-3.768018282610857,-3.2703344866352326,0.0,-3.1997601436446796,-2.2860825181312983,0.0],
"Array3Line1":[-5.1125107861228329,1.3066971824393443,0.0,-5.1125107861228329,0.78176279923724457,0.0],
"Array3Line2":[-5.1125107861228329,0.78176279923724457,0.0,-5.7686787651254576,0.78176279923724457,0.0],
"Array3Line3":[-5.7686787651254576,0.78176279923724457,0.0,-5.7686787651254576,1.3066971824393443,0.0],
"Array3Line4":[-5.7686787651254576,1.3066971824393443,0.0,-5.1125107861228329,1.3066971824393443,0.0]
}
}
},
"Revolutions":
{
"Revolution2921":
{
"IsSolid":true,
"StartingAngle":0.0,
"EndingAngle":0.78539816339744828,
"PathLineDict":
{
"PathLine":[-14.86276059223119,-6.6548459472422277,0.0,-14.86276059223119,13.345154052757772,0.0]
},
"SketchPlane":
{
"SketchOrigin":[-4.8627605922311909,3.3451540527577728,0.0],
"SketchNormal":[0.0,0.0,1.0]
},
"CurveArrArray":
{
"Array1Line1":[-3.8627605922311909,3.3451540527577728,0.0,-3.8627605922311909,4.3451540527577723,0.0],
"Array1Line2":[-3.8627605922311909,4.3451540527577723,0.0,-4.8627605922311909,3.3451540527577723,0.0],
"Array1Line3":[-4.8627605922311909,3.3451540527577728,0.0,-3.8627605922311909,3.3451540527577728,0.0],
"Array2Line1":[-4.7526754143085972,5.0601228625077805,0.0,-5.2348584345415121,4.5779398422748772,0.0],
"Array2Line2":[-5.2348584345415121,4.5779398422748772,0.0,-4.5761841796298519,4.4014486075961168,0.0],
"Array2Line3":[-4.5761841796298519,4.4014486075961168,0.0,-4.7526754143085972,5.0601228625077805,0.0]
}
}
}
}